index,yr,mo,date,imprecise,latlon,latitude,longitude,city,pays,country,short_text,notes,notesFr,,nytregion,event,subevent,target,killed,injured,kidnapped,connection,affiliate,EIouAL,nature
1,2015,1,2015-01-07,,48.856614 2.3522219,48.856614,2.3522219,Paris,France,France,Attaque contre la publication satirique « Charlie Hebdo »,,"Attaque contre la publication satirique « Charlie Hebdo ». Les deux tireurs sont tués par la police trois jours plus tard. Dans une conversation téléphonique avec un journaliste, les frères Saïd et Chérif Kouachi s’étaient revendiqués d’Al-Qaïda au Yémen.",,Europe,Attaque,Attaque armée,civils,12,11,,lié,Al-Qaïda au Yémen,AL,inspiré
2,2015,1,2015-01-08,,13.0951221 13.818728,13.0951221,13.818728,Baga,Nigeria,Nigeria,Attaque de Boko Haram contre les villes de Baga et Doron Baga,,"Attaque de Boko Haram contre les villes de Baga et Doron Baga, dans le nord du Nigéria : 200 morts, 2000 personnes enlevées.",,Afrique ,Attaque,Attaque armée et enlèvements ,civils,200,,2000,dirigé,Boko Haram,EI,dirigé
3,2015,1,2015-01-09,,48.856614 2.3522219,48.856614,2.3522219,Paris,France,France,Attaque contre une épicerie fréquentée par la communauté juive.,,"Attaque contre une épicerie fréquentée par la communauté juive :  4 morts. Le tueur, Amedy Coulibaly dit s’être coordonné avec les frères Kouachi, mais se revendique de l’État islamique.",,Europe,Attaque,Attaque armée,,4,,,lié,État islamique,EI,inspiré
4,2015,1,2015-01-12,0,32.888054 13.191211,32.888054,13.191211,Tripoli,Libye,Libya,L'État islamique en Libye dit avoir pris en otage 21 chrétiens égyptiens.,,L'État islamique en Libye dit avoir pris en otage 21 chrétiens égyptiens dans la capitale libyenne.,,Moyen-Orient et Afrique du Nord,Attaque,Enlèvements ,civils,,0,21,dirigé,État islamique en Libye,EI,dirigé
5,2015,1,2015-01-23,0,34.259635 36.417656,34.259635,36.417656,Ras Baalbek,Liban,Lebanon,L'État islamique s'en prend à une position militaire au Liban.,,Une installation de l'armée libanaise est la cible d'une attaque du groupe armé État islamique près du village chrétien de Ras Baalbek.,,Moyen-Orient et Afrique du Nord,Attaque,Attaque armée,militaires/fonctionnaires,,0,0,dirigé,État islamique,EI,dirigé
6,2015,1,2015-01-27,0,32.888199 13.190954,32.888199,13.190954,Tripoli,Libye,Libya,L'État islamique en Libye s'attaque à un hôtel de luxe de la capitale libyenne.,,"L'État islamique en Libye s'attaque à l'hôtel de luxe Corinthia, situé dans la capitale libyenne. C'est l'attaque la plus meurtrière envers des intérêts étrangers depuis celle du consulat américain à Benghazi en 2012.",,Moyen-Orient et Afrique du Nord,Attaque,Attaque armée,civils,10,0,0,dirigé,État islamique en Libye,EI,dirigé
7,2015,1,2015-01-29,0,30.145793 33.806689,30.145793,33.806689,Arish et Rafah,Égypte,Egypt,Série d'attaques à plusieurs installations militaires,,Une série d'attaques à la bombe vise plusieurs installations militaires et de sécurité Une vingtaire de militaires perdent la vie ainsi que 6 policiers et 14 civils.,,Moyen-Orient et Afrique du Nord,Attaque,Explosifs,militaires/fonctionnaires/civils,44,0,0,dirigé,Province du Sinaï,EI,dirigé
8,2015,2,2015-02-03,0,29.823072 17.284069,29.823072,17.284069,Mabrouk,Libye,Libya,"Des miliants du goupe État islamique aurait tué 12 personnes, dont 4 étrangers, sur un site pétrolier.",,"Des miliants du goupe État islamique aurait tué 12 personnes, dont 4 étrangers, sur un site pétrolier à Mabrouk, en Libye. ",,Moyen-Orient et Afrique du Nord,Attaque,Attaque armée,civils,12,0,0,dirigé,,EI,dirigé
9,2015,2,2015-02-14,0,55.678527 12.580237,55.678527,12.580237,Copenhagen,Danemark,Denmark,"Un homme attaque un centre culturel, puis une synagogue.",,Un homme attaque un centre culturel danois où se tenait une conférence sur l'islam et la liberté d'expression à laquelle participation un caricaturiste de Mahomet. Il attaque ensuite une synagogue.,,Europe,Attaque,Attaque armée,civils,2,5,0,inspiré,,EI,inspiré
10,2015,2,2015-02-15,2,32.843782 12.171554,32.843782,12.171554,(Inconnue),Libye,Libya,L'État islamique publie une vidéo montrant l'exécution de chrétiens égyptiens qui auraient été enlevés un mois plus tôt.,,L'État islamique publie une vidéo montrant l'exécution de chrétiens égyptiens qui auraient été enlevés à la mi-janvier.,,Moyen-Orient et Afrique du Nord,Attaque,Décapitation,civils,21,0,0,dirigé,État islamique en Libye,EI,dirigé
11,2015,2,2015-02-20,0,32.760095 22.242240,32.760095,22.242240,Qubba,Libye,Libya,Des militants disant être affililé à l'État islamique revendiquent trois attentats à la voiture piégées.,,Des militants disant être affililé à l'État islamique revendiquent trois attentats à la voiture piégées qui font une quarantaine de morts. ,,Moyen-Orient et Afrique du Nord,Attaque,Explosifs,militaires/fonctionnaires,38,40,0,dirigé,État islamique à Derna,EI,dirigé
12,2015,3,2015-03-07,0,12.6500 8.0000,12.65000,8.0000,Bamako,Mali,Mali,Une fusillade dans un bar de la capitale fait cinq morts.,,"Le groupe djihadiste Al-Mourabitoun revendique une fusillade dans un bar de la capitale malienne, Bamako, qui fait cinq morts. ",,Moyen-Orient et Afrique du Nord,Attaque,Attaque armée,civils,5,0,0,lié,Al-Mourabitoun,AL,dirigé
13,2015,3,2015-03-18,0,36.804639 10.167739,36.804639,10.167739,Tunis,Tunisie,Tunisia,L'État islamique revendique l'attaque d'un musée de Tunis.,,"L'État islamique revendique l'attaque d'un musée de Tunis qui a fait 22 morts, principalement des touristes européens.",,Moyen-Orient et Afrique du Nord,Attaque,Attaque armée,civils,22,0,0,lié,Les Soldats du califat,EI,dirigé
14,2015,3,2015-03-20,0,15.360861 44.208705,15.360861,44.208705,Sanaa,Yémen,Yemen,Un groupe affilié à l'État islamique revendique des attentats-suicides dans des mosquées.,,Un groupe affilié à l'État islamique revendique des attentats-suicides dans des mosquées qui ont fait plus d'une centaine de morts lors de la prière du vendredi. ,,Moyen-Orient et Afrique du Nord,Attaque,Attentat-suicide,civils,130,0,0,dirigé,,EI,dirigé
15,2015,4,2015-04-02,,-0.4532293 39.6460988,-0.4532293,39.6460988,Garissa,Kenya,Kenya,Quatre combattants islamistes somaliens prennent d'assaut l’université de Garissa.,,"Quatre combattants islamistes somaliens d'Al-Shabbaab prennent d'assaut l’université de Garissa, dans l’est du Kenya, tuant 148 personnes, dont 142 étudiants.",,Afrique,Attaque,Attaque armée,civils,148,,,dirigé,Al-Shabbaab,AL,dirigé
16,2015,4,2015-04-02,1,30.704752 33.453469,30.704752,33.453469,Sanaï du Nord,Égypte,Egypt,Des militants affiliés à l'État islamique tuent 13 personnes lors d'attaques simultanées à la voiture piégées.,,Des militants affiliés à l'État islamique tuent 13 personnes lors d'attaques simultanées à la voiture piégées dans des points de contrôle.,,Moyen-Orient et Afrique du Nord,Attaque,Explosifs,militaires/civils,13,19,0,dirigé,Province du Sinaï,EI,dirigé
17,2015,4,2015-04-04,1,32.440340 67.464164,32.440340,67.464164,Province de Zabul,Afghanistan,Afghanistan,Le vice-président de l'Afghanistan a accusé l'État islamique d'avoir kidnappé 31 civils.,,Le vice-président de l'Afghanistan a accusé l'État islamique d'avoir kidnappé 31 civils en février.,,Moyen-Orient et Afrique du Nord,Attaque,Kidnapping,civils,0,0,31,lié,,EI,dirigé
18,2015,4,2015-04-05,0,32.376529 15.092938,32.376529,15.092938,Misurata,Libye,Libya,L'État islamique tue au moins quatre personnes lors d'une attaque à un point de contrôle.,,L'État islamique tue au moins quatre personnes lors d'une attaque à un point de contrôle.,,Moyen-Orient et Afrique du Nord,Attaque,Attentat-suicide,militaires/civils,4,20,0,dirigé,État islamique,EI,dirigé
19,2015,4,2015-04-08,0,24.661582 46.717598,24.661582,46.717598,Riyad,Arabie Saoudite,Saudi Arabia,Un homme armé tire sur une patrouille policière. Deux agents sont tués.,,Un homme armé tire sur une patrouille policière. Deux agents sont tués.,,Moyen-Orient et Afrique du Nord,Attaque,Attaque armée,militaires/fonctionnaires,2,0,0,lié,,EI,dirigé
20,2015,4,2015-04-12,0,32.888199 13.190954,32.888199,13.190954,Tripoli,Libye,Libya,Un groupe affilié à l'État islamique revendique l'attaque de l'ambassade de la Corée du Sud dans la capitale libyenne.,,Un groupe affilié à l'État islamique revendique l'attaque de l'ambassade de la Corée du Sud dans la capitale libyenne. Deux policiers sont morts. ,,Moyen-Orient et Afrique du Nord,Attaque,Attaque armée,militaires/fonctionnaires,2,1,0,dirigé,État islamique en Libye,EI,dirigé
21,2015,4,2015-04-12,0,29.592574 33.779387,29.592574,33.779387,Sinaï,Égypte,Egypt,Des militants de l'État islamique tuent au moins 12 personnes dans trois attaques différentes envers des militaires.,,Des militants de l'État islamique tuent au moins 12 personnes dans trois attaques différentes envers des militaires égyptiens.,,Moyen-Orient et Afrique du Nord,Attaque,,militaires/fonctionnaires,12,0,0,dirigé,État islamique,EI,dirigé
22,2015,4,2015-04-12,0,32.888199 13.190954,32.888199,13.190954,Tripoli,Libye,Libya,Un groupe affilié à l'EI revendique l'attaque à l'ambassade du Maroc dans la capitale libyenne.,,Un groupe affilié à l'EI revendique l'attaque à l'ambassade du Maroc dans la capitale libyenne. Une bombe avait été placée dans une poubelle près de l'édifice,,Moyen-Orient et Afrique du Nord,Attaque,Explosifs,militaires/fonctionnaires,0,0,0,dirigé,État islamique en Libye,EI,dirigé
23,2015,4,2015-04-19,,48.792716 2.359279,48.792716,2.359279,Villejuif,France,France,"Une femme tuée à Villejuif, en France, par un homme qui projetait d’attaquer une église.",,"Une femme tuée à Villejuif, en France, par un homme qui projetait d’attaquer une église. On découvrira plus tard son lien avec Abdelhamid Abaaoud, cerveau des attentats de Paris en novembre 2015.",,Europe,Attaque,Attaque armée,civil,1,0,0,lié,,EI,inspiré
24,2015,4,2015-04-19,2,32.843782 12.171554,32.843782,12.171554,(Inconnue),Libye,Libya,L'État islamique publie une vidéo montrant l'exécution de plusieurs chrétiens d'Éthiopie.,,L'État islamique publie une vidéo montrant l'exécution de plusieurs chrétiens d'Éthiopie.,,Moyen-Orient et Afrique du Nord,Attaque,Éxecution,civils,30,0,0,dirigé,,EI,dirigé
25,2015,4,2015-04-30,1,14.613792 47.105573,14.613792,47.105573,Shabwa,Yémen,Yemen,Un groupe affilié à l'État islamique publie une vidéo montrant l'exécution de 15 soldats yéminites.,,Un groupe affilié à l'État islamique publie une vidéo montrant l'exécution de 15 soldats yéminites.,,Moyen-Orient et Afrique du Nord,Attaque,Éxecution,militaires/fonctionnaires,15,0,0,dirigé,,EI,dirigé
26,2015,5,2015-05-03,0,32.913894 -96.637558,32.913894,-96.637558,Garland,États-Unis,United States,Deux hommes ouvrent le feu lors d'un concours de caricatures de prophère Mahomet. ,,"Elton Simpson, 31 ans, et Nadir Soofi, 34 ans ouvrent le feu, à Garland, au Texas, lors d’un concours de caricatures du prophète Mahomet. L’assaut ne fait pas de victimes et les deux assaillants sont tués par la police. L'État islamique affirme que l'attaque est perpétrée par deux sympathisants, revendiquant ainsi une première attaque aux États-Unis.",,Amérique du Nord,Attaque,Attaque armée,civils,,0,0,inspiré,,EI,inspiré
27,2015,5,2015-05-18,,36.8064948 10.1815316,36.8064948,10.1815316,Tunis,Tunisie,Tunisia,"Deux hommes armés abattent 22 personnes au musée national du Bardo, à Tunis.",,"Deux hommes armés abattent 22 personnes, en majorité des touristes, au musée national du Bardo, à Tunis. L'attaque est revendiquée par l'État islamique.",,Moyen-Orient et Afrique du Nord,Attaque,Attaque armée,civil,22,,,dirigé,,EI,dirigé
28,2015,5,2015-05-22,0,26.570050 49.989073,26.570050,49.989073,Al Qudaih,Arabie saoudite,Saudi Arabia,Une attaque-suicide dans une mosquée chiite est revendiquée par l'État islamique.,,Une attaque-suicide dans une mosquée chiite est revendiquée par l'État islamique. Ce serait leur première attaque en Arabie saoudite. ,,Moyen-Orient et Afrique du Nord,Attaque,Attentat-suicide,civils,21,120,0,dirigé,,EI,dirigé
29,2015,5,2015-05-22,0,15.367232 44.189253,15.367232,44.189253,Sanaa,Yémen,Yemen,L'État islamique revendique une attaque à bombe dans une mosquée chiite de Sanaa.,,"L'État islamique revendique une attaque à bombe dans une mosquée chiite de Sanaa, au Yémen.",,Moyen-Orient et Afrique du Nord,Attaque,,civils,,13,0,dirigé,,EI,dirigé
30,2015,5,2015-05-29,0,26.423309 50.063227,26.423309,50.063227,Dammam,Arabie saoudite,Saudi Arabia,"Attentat-suicide près de l'entrée d'une mosquée chiite de Dammam, en Arabie saoudite.",,"Attentat-suicide près de l'entrée d'une mosquée chiite de Dammam, en Arabie saoudite.",,Moyen-Orient et Afrique du Nord,Attaque,Attentat-suicide,civils,3,0,0,dirigé,,EI,dirigé
31,2015,5,2015-05-31,0,32.376529 15.092938,32.376529,15.092938,Misurata,Libye,Libya,Une attaque d'un groupe affilié à l'État islamique tue au moins 4 militaires à un contrôle routier vers Tripoli.,,Une attaque d'un groupe affilié à l'État islamique tue au moins 4 militaires à un contrôle routier vers Tripoli.,,Moyen-Orient et Afrique du Nord,Attaque,Attentat-suicide,militaires/fonctionnaires,4,0,0,dirigé,,EI,dirigé
32,2015,6,2015-06-01,,32.5597614 41.9196471,32.5597614,41.9196471,Anbar,Irak,Iraq,"Un attentat-suicide contre un poste de police dans la province d’Anbar, en Irak fait 41 morts.",,"Un attentat-suicide contre un poste de police dans la province d’Anbar, en Irak fait 41 morts.",,Moyen-Orient et Afrique du Nord,Attaque,Attentat-suicide,forces de l'ordre/civils,41,,,dirigé,,EI,dirigé
33,2015,6,2015-06-03,0,34.425207 70.459658,34.425207,70.459658,Jalalabad,Afghanistan,Afghanistan,Le groupe État islamique est soupçonné d'avoir décapité 10 Talibans. ,,Le groupe État islamique est soupçonné d'avoir décapité 10 Talibans. ,,Moyen-Orient et Afrique du Nord,Attaque,Décapitation,Talibans,10,0,0,lié,,EI,dirigé
34,2015,6,2015-06-05,0,37.924683 40.205421,37.924683,40.205421,Diyarbakir,Turquie,Turkey,L'explosion lors d'un rassemblement politique dans la ville de Diyarbakir fait 2 morts et plus d'une centaine de blessés. Les autorités attribuent cette attaque à l'État islamique.,,L'explosion lors d'un rassemblement politique dans la ville de Diyarbakir fait 2 morts et plus d'une centaine de blessés. Les autorités attribuent cette attaque à l'État islamique.,,Europe,Attaque,Bombe,civils,2,100,0,dirigé,,EI,dirigé
35,2015,6,2015-06-09,0,30.145793 33.806690,30.145793,33.806690,Sinaï,Égypte,Egypt,Un groupe affilié à l'EI revendique un tir de roquette vers une base militaire utiliser par la force internationale de maintien de la paix. ,,Un groupe affilié à l'EI revendique un tir de roquette vers une base militaire utiliser par la force internationale de maintien de la paix. ,,Moyen-Orient et Afrique du Nord,Attaque,Roquettes,militaires,0,0,0,dirigé,Province du Sinaï,EI,dirigé
36,2015,6,2015-06-17,0,15.287719 44.176594,15.287719,44.176594,Sanaa,Yémen,Yemen,Un groupe associé à l'EI revendique une série d'attaques à la voiture piégée.,,"Un groupe associé à l'EI revendique une série d'attaques à la voiture piégée dans la capitale, Sanaa.",,Moyen-Orient et Afrique du Nord,Attaque,Attentat-suicide,civils,,0,0,dirigé,,EI,dirigé
37,2015,6,2015-06-26,,35.825603 10.608395,35.825603,10.608395,Sousse,Tunisie,Tunisia,"À Sousse, un homme tue 38 personnes, en majorité des touristes, avec une arme cachée dans un parasol. ",,"À Sousse, un homme tue 38 personnes, en majorité des touristes, avec une arme cachée dans un parasol. L'État islamique revendique l'attaque. ",,Moyen-Orient et Afrique du Nord,Attaque,Attaque armée,civils,38,,,dirigé,,EI,dirigé
38,2015,6,2015-06-26,,49.847066 3.2874,49.847066,355808,Saint-Quentin,France,France,"Un directeur d’usine de Saint-Quentin, en France, est décapité par un de ses employés.",,"Un directeur d’usine de Saint-Quentin, en France, est décapité par un de ses employés, qui déploie une bannière de l’État islamique.",,Europe,Attaque,Décapitation,civil,1,0,0,lié,,EI,inspiré
39,2015,6,2015-06-26,0,29.375897 47.978259,29.375897,47.978259,Koweït,Koweït,Kuwait,Une attaque-suicide vise l'une des plus importantes mosquées chiites de la ville de Koweït lors de la prière du vendredi. ,,Une attaque-suicide vise l'une des plus importantes mosquées chiites de la ville de Koweït lors de la prière du vendredi. ,,Moyen-Orient et Afrique du Nord,Attaque,Attentat-suicide,civils,27,222,0,dirigé,,EI,dirigé
40,2015,6,2015-06-26,0,35.830110 10.619938,35.830110,10.619938,Sousse,Tunisie,Tunisia,Un homme déguisé en vacancier tue au moins 38 personnes dans un complexe hôtelier en bord de mer.,,"Un homme déguisé en vacancier tue au moins 38 personnes dans un complexe hôtelier Imperial Marhaba, en bord de mer. Les victimes sont principalement des touristes britanniques.",,Moyen-Orient et Afrique du Nord,Attaque,Attaque armée,civils,38,0,0,dirigé,,EI,dirigé
41,2015,7,2015-07-01,0,31.070262 34.057982,31.070262,34.057982,Sheikh Zuweid,Égypte,Egypt,Des militants associés à l'État islamique tuent des douzaines de soldats lors d'attaques simultanées visant des points de contrôle et d'autres installations de sécurité.,,Des militants associés à l'État islamique tuent des douzaines de soldats lors d'attaques simultanées visant des points de contrôle et d'autres installations de sécurité.,,Moyen-Orient et Afrique du Nord,Attaque,Attaque armée,militaires,50,0,0,dirigé,,EI,dirigé
42,2015,7,2015-07-11,0,30.048419 31.233917,30.048419,31.233917,Le Caire,Égypte,Egypt,L'État islamique revendique l'explosion à l'extérieur du Consulat italien au centre-ville du Caire.,,L'État islamique revendique l'explosion à l'extérieur du Consulat italien au centre-ville du Caire. Une personne est tuée. ,,Moyen-Orient et Afrique du Nord,Attaque,Explosifs,civils,1,0,0,dirigé,,EI,dirigé
43,2015,7,2015-07-16,0,31.070262 34.057983,31.070262,34.057983,Sinaï,Égypte,Egypt,Un groupe associé à l'EI revendique ce qui serait une première attaque navale.,,Un groupe associé à l'EI revendique ce qui serait une première attaque navale. La cible du missile : un navire de l'armée égyptienne. ,,Moyen-Orient et Afrique du Nord,Attaque,Explosifs,militaires,0,0,0,dirigé,Province du Sinaï,EI,dirigé
44,2015,7,2015-07-20,0,36.979255 38.425586,36.979255,38.425586,Suruç,Turquie,Turkey,Une attaque-suicide vise l'un des plus importantes mosquée chiite de la ville de Koweït lors de la prière du vendredi. ,,"Un citoyen turc commet un attentat-suicide à Suruç, en Turquie; mort de 33 étudiants qui venaient travailler à la reconstruction de Kobané, en Syrie. Il serait lié à l'EI.",,Europe,Attaque,Attentat-suicide,civil,32,0,0,lié,,EI,inspiré
45,2015,8,2015-08-07,0,18.812278 42.525899,18.812278,42.525899,Asir,Arabie Saoudite,Saudi Arabia,"L'EI revendique l'attaque-suicide dans une mosquée qui a tué au moins 15 personnes, dont 12 policiers.",,"L'EI revendique l'attaque-suicide dans une mosquée qui a tué au moins 15 personnes, dont 12 policiers.",,Moyen-Orient et Afrique du Nord,Attaque,Attentat-suicide,civils,15,0,0,dirigé,,EI,dirigé
46,2015,8,2015-08-12,0,30.048419 31.233917,30.048419,31.233917,Le Caire,Égypte,Egypt,Le groupe armé État islamique dit avoir décapité un expatrié croate.,,Le groupe armé État islamique dit avoir décapité un expatrié croate affirmant que la Croatie est en guerre contre lui. ,,Moyen-Orient et Afrique du Nord,Attaque,Décapitation,civil,1,0,0,dirigé,,EI,dirigé
47,2015,8,2015-08-13,0,33.3849668 44.4539055,33.3849668,44.4539055,Bagdad,Irak,Iraq,Un attentat-suicide dans un marché de Bagdad fait 70 morts.,,Un attentat-suicide dans un marché d'un quartier chiite de Bagdad fait 70 morts et plusieurs dizaines de blessés. L'EI revendique l'attentat.,,Moyen-Orient et Afrique du Nord,Attaque,Attentat-suicide,civils ,70,82,0,dirigé,,EI,dirigé
48,2015,8,2015-08-20,0,30.048419 31.233917,30.048419,31.233917,Le Caire,Égypte,Egypt,Un groupe affilié à l'EI revendique l'explosion dans une agence de sécurité. ,,Un groupe affilié à l'EI revendique l'explosion dans une agence de sécurité. ,,Moyen-Orient et Afrique du Nord,Attaque,Explosifs,militaires,0,29,0,dirigé,,EI,dirigé
49,2015,8,2015-08-21,0,50.2892587 2.7328427,50.2892587,2.7328427,Arras,France,France,Plusieurs personnes maîtrisent un homme armé dans un train reliant Amsterdam à Paris.,,"Plusieurs personnes, dont trois militaires américains, maîtrisent un homme armé qui ouvrait le feu dans un train grande vitesse reliant Amsterdam à Paris. Le suspect est un jeune Marocain de 26 ans, Ayoub El-Khazzani, fiché pour son islamisme radical. On apprendra plus tard qu’il était lié à Abdelhamid Abaaoud, cerveau des attentats de Paris en novembre.",,Europe,Attaque,Attaque armée,civils,0,0,0,inspiré,,EI,inspiré
50,2015,8,2015-08-26,0,31.070262 34.057983,31.070262,34.057983,Sinai,Égypte,Egypt,Un groupe affilié à l'État islamique revendique l'attaque envers deux policiers. ,,Un groupe affilié à l'État islamique revendique l'attaque envers deux policiers. ,,Moyen-Orient et Afrique du Nord,Attaque,Attaque armée,militaires,2,0,0,dirigé,,EI,dirigé
51,2015,9,2015-09-02,0,15.287719 44.176594,15.287719,44.176594,Sanaa,Yémen,Yemen,Un groupe affilié à l'EI revendique deux attaques à la bombe dans une mosquée qui ont tué au moins 20 personnes.,,"Un groupe affilié à l'EI revendique deux attaques à la bombe dans une mosquée de la capitale, Sanaa, qui ont tué au moins 20 personnes.",,Moyen-Orient et Afrique du Nord,Attaque,Explosifs,civils,20,0,0,dirigé,,EI,dirigé
52,2015,9,2015-09-18,0,32.888054 13.191211,32.888054,13.191211,Tripoli,Libye,Libya,Des militants de l'État islamique attaquent une prison qui se trouve sur une base militaire de Tripoli.,,Des militants de l'État islamique attaquent une prison qui se trouve sur une base militaire de Tripoli.,,Moyen-Orient et Afrique du Nord,Attaque,Attaque armée,militaires,3,0,0,dirigé,,EI,dirigé
53,2015,9,2015-09-24,0,15.287719 44.176594,15.287719,44.176594,Sanaa,Yémen,Yemen,Au moins 25 personnes sont tuées lorsque deux bombes explosent à l'extérieur d'une mosquée durant la prière.,,Au moins 25 personnes sont tuées lorsque deux bombes explosent à l'extérieur d'une mosquée durant la prière. L'EI revendique cette attaque.,,Moyen-Orient et Afrique du Nord,Attaque,Attaque armée,civils,25,0,0,dirigé,,EI,dirigé
54,2015,9,2015-09-28,0,23.812662 90.410741,23.812662,90.410741,Dhaka,Bangladesh,Bangladesh,L'EI revendique la mort par balle d'un travailleur humanitaire italien. ,,L'EI revendique la mort par balle d'un travailleur humanitaire italien. ,,Asie et Australie,Attaque,Attaque armée,civil,1,0,0,dirigé,,EI,dirigé
55,2015,10,2015-10-03,0,23.812662 90.410741,23.812662,90.410741,Dhaka,Bangladesh,Bangladesh,L'EI revendique la mort par balle d'une Japonais.,,L'EI revendique la mort par balle d'une Japonais.,,Asie et Australie,Attaque,Attaque armée,civil,1,0,0,dirigé,,EI,dirigé
56,2015,10,2015-10-06,0,12.781183 45.021504,12.781183,45.021504,Aden,Yémen,Yemen,Une série d'explosions dans les deux plus grandes villes du Yémon font au moins 25 morts.,,Une série d'explosions dans les deux plus grandes villes du Yémon font au moins 25 morts.,,Asie et Australie,Attaque,Explosions,civils,25,0,0,dirigé,,EI,dirigé
57,2015,10,2015-10-10,0,39.930678 32.852024,39.930678,32.852024,Ankara,Turquie,Turkey,"Deux explosions font 102 morts lors d’une manifestation politique à Ankara, capitale de la Turquie. L’État islamique est soupçonné.",,"Deux explosions font 102 morts lors d’une manifestation politique à Ankara, capitale de la Turquie. L’État islamique est soupçonné.",,Europe,Attaque,Explositions,civils,102,0,0,dirigé,,EI,dirigé
58,2015,10,2015-10-24,0,23.812662 90.410741,23.812662,90.410741,Dhaka,Bangladesh,Bangladesh,L'État islamique revendique les explosions qui ont fait 1 mort et des douzaines de blessés lors d'une célébration dans une mosquée chiite.,,L'État islamique revendique les explosions qui ont fait 1 mort et des douzaines de blessés lors d'une célébration dans une mosquée chiite.,,Asie et Australie,Attaque,Explosions,civils,1,,0,dirigé,,EI,dirigé
59,2015,10,2015-10-31,0,31.070262 34.057983,31.070262,34.057983,Sinaï,Égypte,Egypt,"Un avion de la compagnie russe Metrojet explose au dessus du Sinaï en Égypte, tuant les 224 occupants de l'avion.",,"Un avion de la compagnie russe Metrojet explose au dessus du Sinaï en Égypte, tuant les 224 occupants de l'avion. Un groupe associé à l’État islamique revendique l'attentat.",,Moyen-Orient et Afrique du Nord,Attaque,Explosion,civils,224,0,0,dirigé,Province du Sinaï,EI,dirigé
60,2015,11,2015-11-04,0,23.812662 90.410741,23.812662,90.410741,Dhaka,Bangladesh,Bangladesh,L'État islamique revendique une attaque envers deux policiers.,,L'État islamique revendique une attaque envers deux policiers. L'un a été blessé et l'autre est mort. ,,Asie et Australie,Attaque,Attaque armée,policiers,1,1,0,dirigé,,EI,dirigé
61,2015,11,2015-11-04,0,31.070262 34.057983,31.070262,34.057983,Sinaï,Égypte,Egypt,Un groupe affilié à l'État islamique revendique un attentat-suicide qui a tué au moins trois policiers,,Un groupe affilié à l'État islamique revendique un attentat-suicide qui a tué au moins trois policiers,,Moyen-Orient et Afrique du Nord,Attaque,Attentat-suicide,policiers,3,0,0,dirigé,Province du Sinaï,EI,dirigé
62,2015,11,2015-11-12,0,33.888842 35.495436,33.888842,35.495436,Beyrouth,Liban,Lebanon,"Un double attentat-suicide revendiqué par l’État islamique fait 44 morts dans la banlieue sud de Beyrouth, fief du Hezbollah.",,"Un double attentat-suicide revendiqué par l’État islamique fait 44 morts dans la banlieue sud de Beyrouth, fief du Hezbollah. Cette attaque est l'une des plus sanglantes que Beyrouth ait connue depuis la fin de la guerre civile au Liban.",,Moyen-Orient et Afrique du Nord,Attaque,Explosions,civils,44,0,0,dirigé,,EI,dirigé
63,2015,11,2015-11-13,0,48.857051 2.339331,48.857051,2.339331,Paris,France,France,L’État islamique revendique les attentats de Paris du 13 novembre qui font 130 morts. ,,L’État islamique revendique les attentats de Paris du 13 novembre qui font 130 morts. ,,Europe,Attaque,Attaque armée,civils,130,0,0,dirigé,,EI,dirigé
64,2015,11,2015-11-20,,12.6500 8.0000,1680452,36739,Bamako,Mali,Mali,"À Bamako, des djihadistes prennent 170 personnes en otages à l'hôtel Radisson Blu.",,"À Bamako, des djihadistes prennent 170 personnes en otages à l'hôtel Radisson Blu. L'attaque, revendiquée par le groupe islamiste Al-Mourabitoune et Al-Qaïda au maghreb islamique, fait 20 morts.",,Moyen-Orient et Afrique du Nord,Attaque,Attaque armée,civils,20,,,dirigé,Al-Mourabitoun,AL,dirigé
65,2015,11,2015-11-24,,36.8064948 10.1815316,36.8064948,10.1815316,Tunis,Tunisie,Tunisia,Un attentat à la bombe visant un autobus de la garde présidentielle fait 12 morts et une quinzaine de blessés à Tunis.,,Un attentat à la bombe visant un autobus de la garde présidentielle fait 12 morts et une quinzaine de blessés à Tunis. L’attaque est revendiquée par l'État islamique.,,Moyen-Orient et Afrique du Nord,Attaque,Explosion,civils,12,15,0,dirigé,,EI,dirigé
66,2015,11,2015-11-24,0,31.070262 34.057983,31.070262,34.057983,Sinaï,Égypte,Egypt,Des militants de l'EI attaquent un hôtel dans le nord de la péninsule du Sinaï.,,Des militants de l'EI attaquent un hôtel dans le nord de la péninsule du Sinaï tuant au moins 7 personnes.,,Moyen-Orient et Afrique du Nord,Attaque,Attaque armée,civils,7,0,0,dirigé,,EI,dirigé
67,2015,11,2015-11-26,0,23.812662 90.410741,23.812662,90.410741,Dhaka,Bangladesh,Bangladesh,L'État islamique revendique l'attaque d'une mosquée chiite durant la prière.,,"L'État islamique revendique l'attaque d'une mosquée chiite à Dhaka, au Bangladesh, durant la prière.",,Asie et Australie,Attaque,Attaque armée,civils,1,3,0,dirigé,,EI,dirigé
68,2015,12,2015-12-02,0,34.109353 -117.294989,34.109353,-117.294989,San Bernardino,États-Unis,United States,"Un couple tue 14 personnes dans un centre pour personnes handicapées à San Bernardino, en Californie. Ils auraient été inspirés par le groupe armé État islamique.",,"Un couple tue 14 personnes dans un centre pour personnes handicapées à San Bernardino, en Californie. Ils auraient été inspirés par le groupe armé État islamique. Les deux assaillants sont tués par la police.",,Amérique du Nord,Attaque,Attaque armée,civils,12,0,0,inspiré,,EI,inspiré
69,2015,12,2015-12-10,0,36.658611 40.371389,36.658611,40.371389,Tall Tamer,Syrie,Syria,Un triple attentat au camion piégé est revendiqué par l'État islamique.,,"Un triple attentat au camion piégé dans la ville syrienne de Tel Tamer, contrôlée par les Kurdes, est revendiqué par l'État islamique.",,Moyen-Orient et Afrique du Nord,Attaque,Attaque armée,civils,55,80,0,dirigé,,EI,dirigé